survived,pclass,age,fare,adult_male,alone,familySize,sex_male,embark_town_Queenstown,embark_town_Southampton,who_man,who_woman,class_Second,class_Third
0,3,0.2711736617240512,0.33812548386615277,1,0,0.1,True,False,True,True,False,False,True
1,1,0.4722292033174164,0.6858916529635944,0,0,0.1,False,False,False,False,True,False,False
1,3,0.32143754712239253,0.35072669661240763,0,1,0.0,False,False,True,False,True,False,True
1,1,0.4345312892686604,0.6394627518675874,0,0,0.1,False,False,True,False,True,False,False
0,3,0.4345312892686604,0.3529552840548492,1,1,0.0,True,False,True,True,False,False,True
0,3,0.34656948982156316,0.36002602424862645,1,1,0.0,True,True,False,True,False,False,True
0,1,0.6732847449107816,0.635754966338881,1,1,0.0,True,False,True,True,False,False,False
0,3,0.01985423473234481,0.495831873839879,0,0,0.4,True,False,True,False,False,False,True
1,3,0.33400351847197784,0.3999337912742493,0,0,0.20000000000000004,False,False,True,False,True,False,True
1,2,0.17064589092736868,0.5506031046482883,0,0,0.1,False,False,False,False,False,True,False
1,3,0.04498617743151546,0.46043946366130095,0,0,0.20000000000000004,False,False,True,False,False,False,True
1,1,0.723548630309123,0.5313325505056177,0,1,0.0,False,False,True,False,True,False,False
0,3,0.24604171902488062,0.3529552840548492,1,1,0.0,True,False,True,True,False,False,True
0,3,0.4847951746670017,0.556695873257052,1,0,0.6000000000000001,True,False,True,True,False,False,True
0,3,0.17064589092736868,0.3494505372759428,0,1,0.0,False,False,True,False,False,False,True
1,2,0.685850716260367,0.45397386041263804,0,1,0.0,False,False,True,False,True,True,False
0,3,0.01985423473234481,0.5456498136790771,0,0,0.5000000000000001,True,True,False,False,False,False,True
1,2,0.34656948982156316,0.42286368807669106,1,1,0.0,True,False,True,True,False,True,False
0,3,0.38426740387031916,0.4717958613762316,0,0,0.1,False,False,True,False,True,False,True
1,3,0.34656948982156316,0.33763919258513786,0,1,0.0,False,False,False,False,True,False,True
0,2,0.4345312892686604,0.5281013477114938,1,1,0.0,True,False,True,True,False,True,False
1,2,0.4219653179190751,0.42286368807669106,1,1,0.0,True,False,True,True,False,True,False
1,3,0.18321186227695402,0.35258659021486516,0,1,0.0,False,True,False,False,False,False,True
1,1,0.34656948982156316,0.5764076106287911,1,1,0.0,True,False,True,True,False,False,False
0,3,0.09525006282985675,0.495831873839879,0,0,0.4,False,False,True,False,False,False,True
1,3,0.4722292033174164,0.5572534209632187,0,0,0.6000000000000001,False,False,True,False,True,False,True
0,3,0.34656948982156316,0.33763919258513786,1,1,0.0,True,False,False,True,False,False,True
0,1,0.2334757476752953,0.8934502391534316,1,0,0.5000000000000001,True,False,True,True,False,False,False
1,3,0.34656948982156316,0.34990232023989454,0,1,0.0,False,True,False,False,True,False,True
0,3,0.34656948982156316,0.3502016019446998,1,1,0.0,True,False,True,True,False,False,True
0,1,0.49736114601658704,0.5380012918108712,1,1,0.0,True,False,False,True,False,False,False
1,1,0.34656948982156316,0.8001979354812082,0,0,0.1,False,False,False,False,True,False,False
1,3,0.34656948982156316,0.34755366512192026,0,1,0.0,False,True,False,False,True,False,True
0,2,0.8240764011058055,0.39134423619738523,1,1,0.0,True,False,True,True,False,True,False
0,1,0.34656948982156316,0.7083728358165282,1,0,0.1,True,False,False,True,False,False,False
0,1,0.5224930887157577,0.6361712049470615,1,0,0.1,True,False,True,True,False,False,False
1,3,0.34656948982156316,0.3377209927336551,1,1,0.0,True,False,False,True,False,False,True
0,3,0.2586076903744659,0.3529552840548492,1,1,0.0,True,False,True,True,False,False,True
0,3,0.22090977632571,0.4717958613762316,0,0,0.20000000000000004,False,False,True,False,True,False,True
1,3,0.17064589092736868,0.40135896919365455,0,0,0.1,False,False,False,False,False,False,True
0,3,0.49736114601658704,0.3763856068398255,0,0,0.1,False,False,True,False,True,False,True
0,2,0.33400351847197784,0.4952865544680222,0,0,0.1,False,False,True,False,True,True,False
0,3,0.34656948982156316,0.3502016019446998,1,1,0.0,True,False,False,True,False,False,True
1,2,0.032420206081930136,0.6010920603306374,0,0,0.30000000000000004,False,False,False,False,False,True,False
1,3,0.2334757476752953,0.34990232023989454,0,1,0.0,False,True,False,False,True,False,True
0,3,0.34656948982156316,0.3529552840548492,1,1,0.0,True,False,True,True,False,False,True
0,3,0.34656948982156316,0.44919043492360855,1,0,0.1,True,True,False,True,False,False,True
1,3,0.34656948982156316,0.34755366512192026,0,1,0.0,False,True,False,False,True,False,True
0,3,0.34656948982156316,0.5001585548138243,1,0,0.20000000000000004,True,False,False,True,False,False,True
0,3,0.22090977632571,0.4701002597957256,0,0,0.1,False,False,True,False,True,False,True
0,3,0.08268409148027142,0.5938102861020564,0,0,0.5000000000000001,True,False,True,False,False,False,True
0,3,0.2586076903744659,0.34846667530788156,1,1,0.0,True,False,True,True,False,False,True
1,1,0.610454888162855,0.6975306263001565,0,0,0.1,False,False,False,False,True,False,False
1,2,0.35913546117114853,0.5281013477114938,0,0,0.1,False,False,True,False,True,True,False
0,1,0.8115104297562202,0.6638133911495926,1,0,0.1,True,False,False,True,False,False,False
1,1,0.34656948982156316,0.5764076106287911,1,1,0.0,True,False,True,True,False,False,False
1,2,0.2586076903744659,0.39134423619738523,0,1,0.0,False,False,True,False,True,True,False
0,3,0.35285247549635584,0.3377209927336551,1,1,0.0,True,False,False,True,False,False,True
1,2,0.05755214878110078,0.5381641153575258,0,0,0.30000000000000004,False,False,True,False,False,True,False
0,3,0.1329479768786127,0.6199594201430055,0,0,0.7000000000000001,True,False,True,False,False,False,True
0,3,0.2711736617240512,0.3377209927336551,1,1,0.0,True,False,False,True,False,False,True
1,1,0.4722292033174164,0.7041351302819917,0,1,0.0,False,False,True,False,True,False,False
0,1,0.5601910027645137,0.7108659481313712,1,0,0.1,True,False,True,True,False,False,False
0,3,0.04498617743151546,0.5389979395502239,0,0,0.5000000000000001,True,False,True,False,False,False,True
0,1,0.34656948982156316,0.5380012918108712,1,1,0.0,True,False,False,True,False,False,False
1,3,0.34656948982156316,0.4467026649062168,1,0,0.20000000000000004,True,False,False,True,False,False,True
1,2,0.35913546117114853,0.39134423619738523,0,1,0.0,False,False,True,False,True,True,False
0,3,0.2334757476752953,0.3548613843209609,1,1,0.0,True,False,True,True,False,False,True
1,3,0.20834380497612465,0.35072669661240763,0,0,0.6000000000000001,False,False,True,False,True,False,True
0,3,0.32143754712239253,0.36344855811683735,1,0,0.20000000000000004,True,False,True,True,False,False,True
0,2,0.39683337521990447,0.39134423619738523,1,1,0.0,True,False,True,True,False,True,False
0,3,0.19577783362653933,0.6199594201430055,0,0,0.7000000000000001,False,False,True,False,True,False,True
0,2,0.2586076903744659,0.6907316473431996,1,1,0.0,True,False,True,True,False,True,False
0,3,0.32143754712239253,0.4386984565615303,1,0,0.1,True,False,False,True,False,False,True
1,3,0.39683337521990447,0.6492173620225161,1,1,0.0,True,False,True,True,False,False,True
0,3,0.3088715757728072,0.345711887900344,1,1,0.0,True,False,True,True,False,False,True
0,3,0.34656948982156316,0.3502016019446998,1,1,0.0,True,False,True,True,False,False,True
0,3,0.34656948982156316,0.3529552840548492,1,1,0.0,True,False,True,True,False,False,True
1,2,0.005152048253329982,0.5449835638455501,0,0,0.20000000000000004,True,False,True,False,False,True,False
1,3,0.37170143252073384,0.4167393940590734,0,1,0.0,False,False,True,False,True,False,True
0,3,0.2711736617240512,0.36894978127505224,1,1,0.0,True,False,True,True,False,False,True
1,3,0.35913546117114853,0.3767675685322775,1,1,0.0,True,False,True,True,False,False,True
1,3,0.34656948982156316,0.34823891001848967,0,1,0.0,False,True,False,False,True,False,True
0,1,0.34656948982156316,0.6206270580010312,1,1,0.0,True,False,True,True,False,False,False
1,2,0.20834380497612465,0.39134423619738523,0,1,0.0,False,False,True,False,True,True,False
1,3,0.4093993465694898,0.45255376673825426,0,0,0.30000000000000004,False,False,True,False,True,False,True
0,3,0.19577783362653933,0.5713912159474593,1,0,0.4,True,False,True,True,False,False,True
0,3,0.34656948982156316,0.3529552840548492,1,1,0.0,True,False,True,True,False,False,True
1,1,0.2837396330736366,0.8934502391534316,0,0,0.5000000000000001,False,False,True,False,True,False,False
0,3,0.2963056044232219,0.3529552840548492,1,1,0.0,True,False,True,True,False,False,True
0,3,0.35913546117114853,0.3529552840548492,1,1,0.0,True,False,True,True,False,False,True
0,3,0.24604171902488062,0.3494505372759428,1,1,0.0,True,False,True,True,False,False,True
0,1,0.5727569741140991,0.6617541548663702,1,0,0.1,True,False,True,True,False,False,False
0,3,0.32143754712239253,0.49216085751035477,1,0,0.30000000000000004,True,False,True,True,False,False,True
0,3,0.7361146016587082,0.33812548386615277,1,1,0.0,True,False,True,True,False,False,True
0,3,0.34656948982156316,0.3529552840548492,1,1,0.0,True,False,True,True,False,False,True
0,1,0.8869062578537321,0.5726509019154723,1,1,0.0,True,False,False,True,False,False,False
1,1,0.2837396330736366,0.6672842582473822,1,0,0.1,True,False,False,True,False,False,False
1,2,0.4219653179190751,0.5092286357428653,0,0,0.1,False,False,True,False,True,True,False
0,2,0.4219653179190751,0.5281013477114938,1,0,0.1,True,False,True,True,False,True,False
0,3,0.34656948982156316,0.3502016019446998,0,1,0.0,False,False,True,False,True,False,True
0,3,0.34656948982156316,0.3502016019446998,1,1,0.0,True,False,True,True,False,False,True
0,1,0.2586076903744659,0.698677405898743,1,0,0.1,True,False,True,True,False,False,False
0,3,0.4093993465694898,0.3633108603971507,1,1,0.0,True,False,True,True,False,False,True
0,3,0.4596632319678311,0.35072669661240763,1,0,0.20000000000000004,True,False,True,True,False,False,True
0,3,0.34656948982156316,0.3502016019446998,1,1,0.0,True,False,True,True,False,False,True
1,3,0.2586076903744659,0.345711887900344,0,1,0.0,False,False,True,False,True,False,True
1,3,0.34656948982156316,0.34801082050793586,1,1,0.0,True,False,True,True,False,False,True
0,3,0.4722292033174164,0.3502016019446998,1,1,0.0,True,False,True,True,False,False,True
1,3,0.34656948982156316,0.5167281848535599,0,0,0.1,False,True,False,False,True,False,True
0,1,0.5853229454636844,0.6361712049470615,1,1,0.0,True,False,True,True,False,False,False
0,3,0.17692887660216136,0.4386984565615303,0,0,0.1,False,False,False,False,False,False,True
0,3,0.2711736617240512,0.3529552840548492,1,1,0.0,True,False,True,True,False,False,True
0,3,0.24604171902488062,0.38165194930393287,0,0,0.1,False,False,True,False,True,False,True
0,3,0.20834380497612465,0.43874096070747076,0,1,0.0,False,False,False,False,True,False,True
0,3,0.2586076903744659,0.35072669661240763,1,1,0.0,True,False,True,True,False,False,True
0,3,0.8806232721789394,0.34755366512192026,1,1,0.0,True,True,False,True,False,False,True
0,2,0.35913546117114853,0.4952865544680222,1,0,0.1,True,False,True,True,False,True,False
0,1,0.2963056044232219,0.8837685600885564,1,0,0.1,True,False,False,True,False,False,False
0,3,0.01985423473234481,0.556695873257052,0,0,0.6000000000000001,False,False,True,False,False,False,True
0,2,0.2586076903744659,0.6907316473431996,1,0,0.20000000000000004,True,False,True,True,False,True,False
0,3,0.34656948982156316,0.3529552840548492,1,1,0.0,True,False,True,True,False,False,True
0,2,0.40311636089469716,0.5506031046482883,1,0,0.1,True,False,False,True,False,True,False
1,2,0.40311636089469716,0.42286368807669106,0,1,0.0,False,False,True,False,True,True,False
0,1,0.6732847449107816,0.698677405898743,1,0,0.1,True,False,True,True,False,False,False
1,3,0.14551394822819805,0.40135896919365455,0,0,0.1,True,False,False,False,False,False,True
0,3,0.34656948982156316,0.34755366512192026,1,1,0.0,True,True,False,True,False,False,True
1,3,0.2963056044232219,0.3360081353775779,1,1,0.0,True,False,True,True,False,False,True
1,3,0.34656948982156316,0.5048860932177652,0,0,0.20000000000000004,False,False,False,False,True,False,True
0,3,0.5601910027645137,0.33269334148249674,1,1,0.0,True,False,True,True,False,False,True
0,3,0.4093993465694898,0.3502016019446998,1,1,0.0,True,False,False,True,False,False,True
0,3,0.24604171902488062,0.33419319194156843,1,1,0.0,True,False,True,True,False,False,True
0,3,0.5853229454636844,0.43917261968469046,0,0,0.1,False,False,True,False,True,False,True
1,2,0.35913546117114853,0.5281013477114938,0,0,0.1,False,False,True,False,True,True,False
0,2,0.3088715757728072,0.42286368807669106,1,1,0.0,True,False,True,True,False,True,False
0,2,0.2837396330736366,0.44471781555828604,1,1,0.0,True,False,False,True,False,True,False
1,1,0.2334757476752953,0.5297738466092561,0,0,0.20000000000000004,False,False,True,False,True,False,False
0,1,0.4596632319678311,0.6394627518675874,1,0,0.1,True,False,True,True,False,False,False
0,3,0.19577783362653933,0.3723849402651219,1,1,0.0,True,False,True,True,False,False,True
0,1,0.2963056044232219,0.7025447166880028,1,1,0.0,True,False,False,True,False,False,False
0,3,0.34656948982156316,0.4467026649062168,0,0,0.20000000000000004,False,False,False,False,True,False,True
1,3,0.2711736617240512,0.34755366512192026,0,1,0.0,False,False,True,False,True,False,True
1,3,0.2963056044232219,0.45255376673825426,0,0,0.1,False,False,True,False,True,False,True
0,3,0.2334757476752953,0.32810766862723467,1,1,0.0,True,True,False,True,False,False,True
0,2,0.22090977632571,0.40470470937773706,1,1,0.0,True,False,True,True,False,True,False
0,2,0.2334757476752953,0.5818031659922842,1,0,0.20000000000000004,True,False,True,True,False,True,False
1,3,0.33400351847197784,0.348390182281133,1,1,0.0,True,False,True,True,False,False,True
0,3,0.10781603417944208,0.5713912159474593,0,0,0.4,False,False,True,False,False,False,True
0,2,0.4533802462930384,0.5281013477114938,1,0,0.20000000000000004,True,False,True,True,False,True,False
0,2,0.5224930887157577,0.42286368807669106,1,1,0.0,True,False,True,True,False,True,False
0,2,0.6355868308620256,0.41733284975267587,1,1,0.0,True,False,True,True,False,True,False
1,1,0.2711736617240512,0.675158433212671,0,0,0.1,False,False,True,False,True,False,False
0,3,0.6921337019351597,0.3529552840548492,1,1,0.0,True,False,True,True,False,False,True
0,3,0.5036441316913798,0.43917261968469046,1,0,0.20000000000000004,True,False,True,True,False,False,True
0,3,0.34656948982156316,0.3393347941656439,1,1,0.0,True,False,True,True,False,False,True
0,1,0.6355868308620256,0.6622795418565016,1,0,0.1,True,False,False,True,False,False,False
1,3,0.19577783362653933,0.34724755706710003,0,1,0.0,False,True,False,False,True,False,True
0,3,0.37170143252073384,0.3529552840548492,1,1,0.0,True,False,True,True,False,False,True
0,3,0.34656948982156316,0.36344855811683735,1,1,0.0,True,False,True,True,False,False,True
0,3,0.34656948982156316,0.682002570512027,1,0,1.0,True,False,True,True,False,False,True
0,3,0.5476250314149284,0.45491364524217526,1,0,0.1,True,False,True,True,False,False,True
1,2,0.49736114601658704,0.45159999693344244,0,1,0.0,False,False,True,False,True,True,False
0,3,0.32143754712239253,0.34801082050793586,1,1,0.0,True,False,True,True,False,False,True
0,3,0.20834380497612465,0.36344855811683735,1,1,0.0,True,False,True,True,False,False,True
0,3,0.007288263382759488,0.5938102861020564,0,0,0.5000000000000001,True,False,True,False,False,False,True
1,3,0.10781603417944208,0.491789087380451,0,0,0.20000000000000004,True,False,True,False,False,False,True
1,1,0.34656948982156316,0.6449935901916027,0,0,0.1,False,False,True,False,True,False,False
0,3,0.5601910027645137,0.5389979395502239,0,0,0.5000000000000001,False,False,True,False,True,False,True
0,1,0.34656948982156316,0.5276556371206051,1,1,0.0,True,False,True,True,False,False,False
0,3,0.34656948982156316,0.6492173620225161,1,1,0.0,True,False,True,True,False,False,True
0,1,0.7612465443578789,0.5673780187678832,1,1,0.0,True,False,True,True,False,False,False
0,3,0.04498617743151546,0.5456498136790771,0,0,0.5000000000000001,True,True,False,False,False,False,True
1,3,0.007288263382759488,0.3999337912742493,0,0,0.20000000000000004,False,False,True,False,False,False,True
0,3,0.2586076903744659,0.35072669661240763,1,1,0.0,True,False,True,True,False,False,True
0,1,0.6984166876099522,0.5537942554801266,1,1,0.0,True,False,False,True,False,False,False
0,3,0.22090977632571,0.3494505372759428,1,0,0.20000000000000004,True,False,True,True,False,False,True
0,3,0.34656948982156316,0.5249047780663141,1,0,0.4,True,False,True,True,False,False,True
0,1,0.6230208595124404,0.543440593729386,0,1,0.0,False,False,False,False,True,False,False
0,2,0.37170143252073384,0.42286368807669106,1,1,0.0,True,False,True,True,False,True,False
0,3,0.4470972606182458,0.0,1,1,0.0,True,False,True,True,False,False,True
0,3,0.34656948982156316,0.682002570512027,0,0,1.0,False,False,True,False,True,False,True
0,2,0.34656948982156316,0.4447597511380872,1,1,0.0,True,False,False,True,False,True,False
0,3,0.10781603417944208,0.5572534209632187,0,0,0.6000000000000001,True,False,True,False,False,False,True
1,2,0.007288263382759488,0.5910796833899638,0,0,0.30000000000000004,True,False,True,False,False,True,False
1,3,0.04498617743151546,0.5025832588136308,0,0,0.20000000000000004,False,False,True,False,False,False,True
0,1,0.34656948982156316,0.6300076429831359,1,1,0.0,True,False,True,True,False,False,False
1,3,0.34656948982156316,0.44919043492360855,0,0,0.1,False,True,False,False,True,False,True
1,1,0.5601910027645137,0.5313325505056177,1,1,0.0,True,False,True,True,False,False,False
0,3,0.49736114601658704,0.44919043492360855,1,0,0.20000000000000004,True,True,False,True,False,False,True
0,3,0.4470972606182458,0.3502016019446998,1,1,0.0,True,False,True,True,False,False,True
1,2,0.39683337521990447,0.42286368807669106,0,1,0.0,False,False,True,False,True,True,False
0,2,0.2334757476752953,0.42286368807669106,1,1,0.0,True,False,True,True,False,True,False
1,3,0.2334757476752953,0.3494505372759428,0,0,0.1,False,False,True,False,True,False,True
1,2,0.032420206081930136,0.5281013477114938,0,0,0.20000000000000004,True,False,True,False,False,True,False
1,1,0.5476250314149284,0.5380012918108712,0,1,0.0,False,False,False,False,True,False,False
1,1,0.723548630309123,0.8001979354812082,0,1,0.0,False,False,False,False,True,False,False
0,3,0.34656948982156316,0.34755366512192026,1,1,0.0,True,True,False,True,False,False,True
0,3,0.5224930887157577,0.3591068861516606,1,0,0.1,True,False,True,True,False,False,True
1,3,0.34656948982156316,0.34755366512192026,0,1,0.0,False,True,False,False,True,False,True
0,2,0.2963056044232219,0.42286368807669106,0,1,0.0,False,False,True,False,True,True,False
0,3,0.34656948982156316,0.3767675685322775,1,1,0.0,True,False,True,True,False,False,True
0,3,0.34656948982156316,0.682002570512027,1,0,1.0,True,False,True,True,False,False,True
0,3,0.4219653179190751,0.32276390619844325,1,1,0.0,True,False,True,True,False,False,True
0,3,0.5664739884393064,0.33763919258513786,1,1,0.0,True,False,False,True,False,False,True
1,3,0.22090977632571,0.3529552840548492,1,1,0.0,True,False,True,True,False,False,True
0,3,0.01985423473234481,0.3908208840039565,0,0,0.1,False,False,True,False,False,False,True
0,3,0.39683337521990447,0.45255376673825426,1,0,0.1,True,False,True,True,False,False,True
1,3,0.32143754712239253,0.4783031492847506,1,1,0.0,True,False,False,True,False,False,True
1,3,0.19577783362653933,0.34755366512192026,0,1,0.0,False,True,False,False,True,False,True
1,1,0.49736114601658704,0.5553247552872789,1,1,0.0,True,False,False,True,False,False,False
0,3,0.2963056044232219,0.33419319194156843,1,1,0.0,True,False,True,True,False,False,True
1,2,0.4345312892686604,0.4952865544680222,0,1,0.0,False,False,True,False,True,True,False
0,3,0.2711736617240512,0.33812548386615277,1,1,0.0,True,False,True,True,False,False,True
0,2,0.37170143252073384,0.42286368807669106,1,1,0.0,True,False,True,True,False,True,False
0,3,0.34656948982156316,0.34755366512192026,1,0,0.1,True,True,False,True,False,False,True
1,1,0.38426740387031916,0.7592806561689714,0,0,0.1,False,False,False,False,True,False,False
1,3,0.33400351847197784,0.35072669661240763,0,1,0.0,False,False,True,False,True,False,True
0,2,0.5224930887157577,0.5339286391341469,1,0,0.1,True,False,True,True,False,True,False
1,1,0.39683337521990447,0.6966262055441308,0,1,0.0,False,False,False,False,True,False,False
0,2,0.37170143252073384,0.39134423619738523,1,1,0.0,True,False,True,True,False,True,False
1,3,0.19577783362653933,0.3529552840548492,1,1,0.0,True,False,True,True,False,False,True
0,2,0.33400351847197784,0.42286368807669106,1,1,0.0,True,False,True,True,False,True,False
0,3,0.6355868308620256,0.3529552840548492,1,1,0.0,True,False,True,True,False,False,True
0,3,0.34656948982156316,0.3502016019446998,1,1,0.0,True,False,True,True,False,False,True
1,1,0.4722292033174164,0.7227878932056411,1,0,0.1,True,False,True,True,False,False,False
0,3,0.2711736617240512,0.37446202006332885,1,1,0.0,True,False,True,True,False,False,True
1,2,0.2334757476752953,0.39134423619738523,1,1,0.0,True,False,True,True,False,True,False
0,3,0.2523247046996733,0.33812548386615277,1,1,0.0,True,False,True,True,False,False,True
0,2,0.22090977632571,0.42286368807669106,1,1,0.0,True,False,True,True,False,True,False
0,3,0.34656948982156316,0.5249047780663141,0,0,0.4,False,False,True,False,True,False,True
1,1,0.4345312892686604,0.7108659481313712,0,0,0.1,False,False,True,False,True,False,False
0,3,0.35913546117114853,0.34801082050793586,1,1,0.0,True,False,True,True,False,False,True
0,2,0.7361146016587082,0.42848647040443827,1,1,0.0,True,False,True,True,False,True,False
1,3,0.05755214878110078,0.5572534209632187,0,0,0.6000000000000001,False,False,True,False,False,False,True
0,2,0.2963056044232219,0.39134423619738523,1,1,0.0,True,False,True,True,False,True,False
0,3,0.34656948982156316,0.34384869418471947,0,1,0.0,False,False,True,False,True,False,True
0,2,0.5476250314149284,0.5281013477114938,1,0,0.1,True,False,True,True,False,True,False
1,2,0.09525006282985675,0.5295781586642772,0,0,0.20000000000000004,False,False,True,False,False,True,False
0,2,0.2334757476752953,0.39134423619738523,1,1,0.0,True,False,True,True,False,True,False
0,2,0.4093993465694898,0.4143433441168874,1,1,0.0,True,False,True,True,False,True,False
0,3,0.34656948982156316,0.4386984565615303,0,0,0.1,False,False,False,False,True,False,True
1,3,0.34656948982156316,0.44919043492360855,0,0,0.1,False,True,False,False,True,False,True
0,2,0.35913546117114853,0.39134423619738523,1,1,0.0,True,False,True,True,False,True,False
0,3,0.2711736617240512,0.3356791332316349,1,1,0.0,True,False,True,True,False,False,True
0,3,0.37170143252073384,0.33763919258513786,1,1,0.0,True,False,False,True,False,False,True
0,1,0.5476250314149284,0.7227878932056411,1,0,0.20000000000000004,True,True,False,True,False,False,False
0,3,0.3088715757728072,0.34801082050793586,0,1,0.0,False,False,True,False,True,False,True
1,2,0.2963056044232219,0.43917261968469046,0,0,0.20000000000000004,False,False,True,False,True,True,False
1,1,0.4596632319678311,0.6378379970302275,1,0,0.20000000000000004,True,False,True,True,False,False,False
0,2,0.6732847449107816,0.5281013477114938,1,0,0.1,True,False,True,True,False,True,False
0,3,0.34656948982156316,0.33812548386615277,1,1,0.0,True,False,True,True,False,False,True
0,3,0.35913546117114853,0.3908208840039565,0,0,0.20000000000000004,False,False,True,False,True,False,True
0,1,0.7738125157074642,0.5313325505056177,1,1,0.0,True,False,True,True,False,False,False
0,3,0.37170143252073384,0.45491364524217526,1,0,0.1,True,False,True,True,False,False,True
0,3,0.5099271173661725,0.4894457748636945,0,0,0.20000000000000004,False,False,True,False,True,False,True
1,3,0.35913546117114853,0.4467026649062168,0,0,0.20000000000000004,False,False,False,False,True,False,True
1,1,0.34656948982156316,0.7025447166880028,0,1,0.0,False,False,False,False,True,False,False
1,1,0.37170143252073384,0.7165034463969725,0,1,0.0,False,False,True,False,True,False,False
1,1,0.4345312892686604,1.0,0,1,0.0,False,False,False,False,True,False,False
1,2,0.6230208595124404,0.5281013477114938,0,0,0.1,False,False,True,False,True,True,False
0,3,0.34656948982156316,0.34755366512192026,1,1,0.0,True,True,False,True,False,False,True
1,3,0.032420206081930136,0.5572534209632187,0,0,0.6000000000000001,True,False,True,False,False,False,True
0,1,0.648152802211611,0.7034412659259898,1,0,0.20000000000000004,True,False,True,True,False,False,False
0,1,0.49736114601658704,0.0,1,1,0.0,True,False,True,True,False,False,False
0,3,0.34656948982156316,0.34755366512192026,0,1,0.0,False,True,False,False,True,False,True
0,2,0.4470972606182458,0.39134423619738523,1,1,0.0,True,False,True,True,False,True,False
0,3,0.19577783362653933,0.5938102861020564,1,0,0.5000000000000001,True,False,True,True,False,False,True
1,3,0.3088715757728072,0.34801082050793586,1,0,0.1,True,False,True,True,False,False,True
1,1,0.723548630309123,0.8075657891202526,0,0,0.1,False,False,True,False,True,False,False
1,1,0.4345312892686604,0.787913124843811,0,1,0.0,False,False,True,False,True,False,False
0,1,0.34656948982156316,0.5553247552872789,1,1,0.0,True,False,True,True,False,False,False
1,3,0.3088715757728072,0.0,1,1,0.0,True,False,True,True,False,False,True
1,2,0.5099271173661725,0.48397130012322576,0,0,0.1,False,False,True,False,True,True,False
0,1,0.4596632319678311,0.5486793783580444,1,0,0.1,True,False,False,True,False,False,False
1,3,0.34656948982156316,0.34755366512192026,0,1,0.0,False,True,False,False,True,False,True
1,1,0.7863784870570495,0.7000444993352338,0,0,0.1,False,False,True,False,True,False,False
0,3,0.5601910027645137,0.34755366512192026,0,1,0.0,False,False,True,False,True,False,True
0,2,0.34656948982156316,0.0,1,1,0.0,True,False,True,True,False,True,False
0,3,0.08268409148027142,0.5456498136790771,0,0,0.5000000000000001,True,True,False,False,False,False,True
1,3,0.4345312892686604,0.4897287885153229,0,0,0.20000000000000004,False,False,True,False,True,False,True
0,3,0.8115104297562202,0.34755366512192026,1,1,0.0,True,True,False,True,False,False,True
0,3,0.34656948982156316,0.3494505372759428,1,1,0.0,True,False,True,True,False,False,True
0,3,0.19577783362653933,0.3767675685322775,1,1,0.0,True,False,True,True,False,False,True
1,3,0.2334757476752953,0.3529552840548492,1,1,0.0,True,False,True,True,False,False,True
0,1,0.34656948982156316,0.5281013477114938,1,1,0.0,True,False,True,True,False,False,False
0,3,0.4093993465694898,0.36344855811683735,1,1,0.0,True,False,False,True,False,False,True
1,3,0.37170143252073384,0.3767675685322775,1,1,0.0,True,False,True,True,False,False,True
0,3,0.2711736617240512,0.3502016019446998,1,1,0.0,True,False,True,True,False,False,True
1,2,0.5224930887157577,0.42286368807669106,1,1,0.0,True,False,True,True,False,True,False
1,3,0.2711736617240512,0.34755366512192026,0,1,0.0,False,True,False,False,True,False,True
1,1,0.32143754712239253,0.7018439158340847,0,1,0.0,False,False,True,False,True,False,False
1,1,0.2334757476752953,0.7246769696172585,0,0,0.1,False,False,False,False,True,False,False
0,2,0.4470972606182458,0.4214266124878081,1,1,0.0,True,False,False,True,False,True,False
0,3,0.2963056044232219,0.3665280799528062,0,1,0.0,False,False,True,False,True,False,True
0,3,0.2963056044232219,0.3502016019446998,1,1,0.0,True,False,True,True,False,False,True
0,1,0.34656948982156316,0.5380012918108712,1,1,0.0,True,False,False,True,False,False,False
0,3,0.2900226187484292,0.3377209927336551,1,1,0.0,True,False,False,True,False,False,True
0,1,0.01985423473234481,0.8055694580427181,0,0,0.30000000000000004,False,False,True,False,False,False,False
1,1,0.34656948982156316,0.5528013511027754,1,1,0.0,True,False,True,True,False,False,False
1,1,0.6230208595124404,0.8837685600885564,0,0,0.1,False,False,False,False,True,False,False
1,3,0.34656948982156316,0.34755366512192026,0,1,0.0,False,True,False,False,True,False,True
1,3,0.34656948982156316,0.5108890946860756,1,0,0.20000000000000004,True,True,False,True,False,False,True
0,3,0.2334757476752953,0.0,1,1,0.0,True,False,True,True,False,False,True
1,2,0.34656948982156316,0.415246066809403,0,1,0.0,False,True,False,False,True,True,False
0,3,0.34656948982156316,0.3529552840548492,1,1,0.0,True,False,True,True,False,False,True
1,1,0.006282985674792663,0.8055694580427181,0,0,0.30000000000000004,True,False,True,False,False,False,False
1,1,0.34656948982156316,0.7558914972956429,0,1,0.0,False,False,False,False,True,False,False
1,1,0.20834380497612465,0.7530256522025331,0,0,0.1,False,False,False,False,True,False,False
0,2,0.37170143252073384,0.5157696604351928,1,0,0.1,True,False,False,True,False,True,False
1,1,0.37170143252073384,0.650420658454538,0,1,0.0,False,False,False,False,True,False,False
1,1,0.2963056044232219,0.710264100162358,0,1,0.0,False,False,False,False,True,False,False
1,1,0.22090977632571,0.8930704502718892,0,0,0.4,False,False,False,False,True,False,False
0,2,0.32143754712239253,0.5281013477114938,0,0,0.20000000000000004,False,False,True,False,True,True,False
0,3,0.34656948982156316,0.3502016019446998,1,1,0.0,True,False,True,True,False,False,True
0,2,0.5350590600653431,0.5295781586642772,1,0,0.20000000000000004,True,False,True,True,False,True,False
1,3,0.32143754712239253,0.3494505372759428,0,1,0.0,False,False,True,False,True,False,True
1,2,0.2963056044232219,0.5281013477114938,0,0,0.1,False,False,True,False,True,True,False
0,2,0.6732847449107816,0.4339186127880943,1,1,0.0,True,False,True,True,False,True,False
1,1,0.38426740387031916,0.8189796728879717,0,0,0.20000000000000004,False,False,True,False,True,False,False
1,1,0.49736114601658704,0.786578536659575,0,0,0.20000000000000004,False,False,False,False,True,False,False
0,3,0.2711736617240512,0.33812548386615277,1,1,0.0,True,False,True,True,False,False,True
0,3,0.33400351847197784,0.3502016019446998,1,1,0.0,True,False,True,True,False,False,True
1,2,0.37170143252073384,0.415246066809403,0,1,0.0,False,True,False,False,True,True,False
1,2,0.2711736617240512,0.5449835638455501,0,0,0.20000000000000004,False,False,True,False,True,True,False
0,3,0.34656948982156316,0.682002570512027,1,0,1.0,True,False,True,True,False,False,True
1,1,0.4470972606182458,0.787913124843811,0,1,0.0,False,False,False,False,True,False,False
0,3,0.7612465443578789,0.31714501737309336,1,1,0.0,True,False,True,True,False,False,True
1,2,0.4470972606182458,0.42286368807669106,0,1,0.0,False,False,True,False,True,True,False
1,3,0.38426740387031916,0.491789087380451,0,0,0.20000000000000004,False,False,True,False,True,False,True
1,1,0.19577783362653933,0.6532989635355536,0,0,0.1,False,False,False,False,True,False,False
1,3,0.34656948982156316,0.5108890946860756,0,0,0.20000000000000004,False,True,False,False,True,False,True
0,1,0.5664739884393064,0.5422905113083996,1,1,0.0,True,False,True,True,False,False,False
0,1,0.4722292033174164,0.8075657891202526,1,0,0.1,True,False,True,True,False,False,False
0,3,0.19577783362653933,0.4717958613762316,1,0,0.20000000000000004,True,False,True,True,False,False,True
1,1,0.34656948982156316,0.7855702199804014,0,0,0.1,False,False,True,False,True,False,False
0,3,0.34656948982156316,0.3502016019446998,1,1,0.0,True,False,True,True,False,False,True
0,1,0.35913546117114853,0.675158433212671,1,0,0.1,True,False,True,True,False,False,False
1,1,0.5099271173661725,0.786578536659575,0,1,0.0,False,False,False,False,True,False,False
1,3,0.5601910027645137,0.3529552840548492,1,1,0.0,True,False,True,True,False,False,True
0,1,0.5601910027645137,0.5764076106287911,1,1,0.0,True,False,True,True,False,False,False
1,2,0.01985423473234481,0.5281013477114938,0,0,0.20000000000000004,True,False,True,False,False,True,False
1,1,0.2963056044232219,0.8934502391534316,0,0,0.5000000000000001,False,False,True,False,True,False,False
0,2,0.34656948982156316,0.42286368807669106,1,1,0.0,True,False,True,True,False,True,False
0,2,0.3088715757728072,0.42286368807669106,1,1,0.0,True,False,True,True,False,True,False
0,2,0.4470972606182458,0.42286368807669106,1,1,0.0,True,False,True,True,False,True,False
1,2,0.2963056044232219,0.42286368807669106,0,1,0.0,False,False,True,False,True,True,False
1,2,0.49736114601658704,0.42286368807669106,0,1,0.0,False,False,True,False,True,True,False
1,3,0.34656948982156316,0.45491364524217526,0,0,0.1,False,False,True,False,True,False,True
1,3,0.032420206081930136,0.4530285310977594,0,0,0.20000000000000004,True,False,True,False,False,False,True
0,3,0.5224930887157577,0.36344855811683735,1,1,0.0,True,False,True,True,False,False,True
0,3,0.2837396330736366,0.37251505985030076,1,1,0.0,True,False,True,True,False,False,True
0,1,0.34656948982156316,0.5741974672559074,1,1,0.0,True,False,True,True,False,False,False
0,3,0.18321186227695402,0.3377209927336551,0,0,0.20000000000000004,True,False,False,False,False,False,True
0,3,0.3088715757728072,0.4701002597957256,1,0,0.1,True,False,True,True,False,False,True
0,3,0.34656948982156316,0.33763919258513786,1,1,0.0,True,False,False,True,False,False,True
0,3,0.34656948982156316,0.3767675685322775,1,1,0.0,True,False,True,True,False,False,True
1,1,0.2711736617240512,0.6449935901916027,0,0,0.1,False,False,True,False,True,False,False
0,2,0.4722292033174164,0.42286368807669106,0,1,0.0,False,False,True,False,True,True,False
1,3,0.34656948982156316,0.34990232023989454,0,1,0.0,False,True,False,False,True,False,True
1,3,0.34656948982156316,0.34990232023989454,0,1,0.0,False,True,False,False,True,False,True
0,3,0.49736114601658704,0.5389979395502239,1,0,0.5000000000000001,True,False,True,True,False,False,True
0,2,0.35913546117114853,0.5380012918108712,1,0,0.1,True,False,False,True,False,True,False
0,3,0.5601910027645137,0.4386984565615303,0,0,0.1,False,False,False,False,True,False,True
0,3,0.4345312892686604,0.33419319194156843,1,1,0.0,True,False,True,True,False,False,True
0,3,0.34656948982156316,0.44919043492360855,1,0,0.1,True,True,False,True,False,False,True
0,3,0.37170143252073384,0.33812548386615277,1,1,0.0,True,False,True,True,False,False,True
1,1,0.7486805730082936,0.6944519802337323,0,0,0.1,False,False,False,False,True,False,False
1,3,0.34656948982156316,0.3377209927336551,0,1,0.0,False,False,False,False,True,False,True
1,3,0.34656948982156316,0.34755366512192026,0,1,0.0,False,True,False,False,True,False,True
1,1,0.2963056044232219,0.6814337631908569,0,1,0.0,False,False,False,False,True,False,False
1,1,0.3088715757728072,0.6462524686274448,1,0,0.1,True,False,False,True,False,False,False
0,3,0.22090977632571,0.32276390619844325,1,0,0.1,True,False,True,True,False,False,True
0,3,0.2334757476752953,0.3529552840548492,1,1,0.0,True,False,True,True,False,False,True
0,1,0.2711736617240512,0.787913124843811,1,1,0.0,True,False,False,True,False,False,False
0,3,0.032420206081930136,0.495831873839879,0,0,0.4,False,False,True,False,False,False,True
1,1,0.34656948982156316,0.7083728358165282,0,0,0.1,False,False,False,False,True,False,False
1,3,0.2711736617240512,0.33812548386615277,0,1,0.0,False,False,True,False,True,False,True
0,1,0.33400351847197784,0.8586785697903752,1,0,0.20000000000000004,True,False,False,True,False,False,False
0,3,0.24604171902488062,0.25828491245817975,1,1,0.0,True,False,False,True,False,False,True
0,3,0.2334757476752953,0.34801082050793586,1,1,0.0,True,False,True,True,False,False,True
1,1,0.5224930887157577,0.8703280791561688,0,1,0.0,False,False,False,False,True,False,False
1,3,0.007288263382759488,0.4515205782884459,0,0,0.20000000000000004,False,False,False,False,False,False,True
0,3,0.39683337521990447,0.35072669661240763,1,1,0.0,True,False,True,True,False,False,True
1,1,0.4345312892686604,0.6361712049470615,0,0,0.1,False,False,True,False,True,False,False
0,3,0.34656948982156316,0.3502016019446998,1,1,0.0,True,False,True,True,False,False,True
0,2,0.22090977632571,0.6907316473431996,1,1,0.0,True,False,True,True,False,True,False
0,3,0.007288263382759488,0.6199594201430055,0,0,0.7000000000000001,True,False,True,False,False,False,True
1,2,0.4470972606182458,0.42286368807669106,0,1,0.0,False,False,True,False,True,True,False
0,3,0.34656948982156316,0.34717231529600073,1,1,0.0,True,True,False,True,False,False,True
1,2,0.20834380497612465,0.4109891561864058,0,1,0.0,False,False,False,False,True,True,False
1,1,0.4470972606182458,0.7684432068211329,1,0,0.30000000000000004,True,False,True,True,False,False,False
1,3,0.2586076903744659,0.348390182281133,1,1,0.0,True,False,True,True,False,False,True
0,3,0.34656948982156316,0.35072669661240763,1,0,0.20000000000000004,True,False,True,True,False,False,True
1,1,0.2837396330736366,0.7592806561689714,0,0,0.1,False,False,False,False,True,False,False
1,3,0.2963056044232219,0.46043946366130095,0,0,0.20000000000000004,False,False,True,False,True,False,True
0,3,0.2711736617240512,0.348390182281133,1,1,0.0,True,False,True,True,False,False,True
0,3,0.38426740387031916,0.3494505372759428,0,1,0.0,False,False,True,False,True,False,True
0,2,0.5727569741140991,0.5281013477114938,1,1,0.0,True,False,True,True,False,True,False
0,2,0.2837396330736366,0.39134423619738523,1,1,0.0,True,False,True,True,False,True,False
1,2,0.34656948982156316,0.4188069434436312,0,1,0.0,False,False,True,False,True,True,False
1,3,0.4847951746670017,0.35072669661240763,1,1,0.0,True,False,True,True,False,False,True
0,3,0.32143754712239253,0.3529552840548492,1,1,0.0,True,False,True,True,False,False,True
0,3,0.2586076903744659,0.38165194930393287,0,0,0.1,False,False,True,False,True,False,True
0,3,0.34656948982156316,0.45255376673825426,1,0,0.1,True,False,True,True,False,False,True
0,3,0.24604171902488062,0.36344855811683735,0,1,0.0,False,False,True,False,True,False,True
0,2,0.4219653179190751,0.4952865544680222,1,0,0.1,True,False,True,True,False,True,False
0,3,0.6355868308620256,0.34755366512192026,1,1,0.0,True,False,True,True,False,False,True
1,2,0.032420206081930136,0.47799919815831027,0,0,0.20000000000000004,True,False,True,False,False,True,False
0,3,0.2586076903744659,0.34801082050793586,1,1,0.0,True,False,True,True,False,False,True
0,3,0.34656948982156316,0.5249047780663141,0,0,0.4,False,False,True,False,True,False,True
0,3,0.34656948982156316,0.3502016019446998,1,1,0.0,True,False,True,True,False,False,True
0,3,0.34656948982156316,0.3303312928008554,1,1,0.0,True,True,False,True,False,False,True
1,1,0.4093993465694898,0.7227878932056411,0,0,0.1,False,True,False,False,True,False,False
0,2,0.34656948982156316,0.0,1,1,0.0,True,False,True,True,False,True,False
1,3,0.5476250314149284,0.35072669661240763,1,1,0.0,True,False,True,True,False,False,True
0,3,0.34656948982156316,0.3529552840548492,0,1,0.0,False,False,True,False,True,False,True
1,2,0.4219653179190751,0.5626649479908982,0,0,0.20000000000000004,False,False,True,False,True,True,False
1,2,0.22090977632571,0.42286368807669106,0,0,0.20000000000000004,False,False,True,False,True,True,False
0,2,0.37170143252073384,0.42286368807669106,1,1,0.0,True,False,True,True,False,True,False
0,3,0.12038200552902739,0.5167281848535599,0,0,0.20000000000000004,False,False,True,False,False,False,True
0,3,0.34656948982156316,0.3502016019446998,1,1,0.0,True,False,False,True,False,False,True
0,3,0.2586076903744659,0.34724755706710003,1,1,0.0,True,True,False,True,False,False,True
0,3,0.35913546117114853,0.3498265096711498,1,1,0.0,True,False,True,True,False,False,True
0,3,0.34656948982156316,0.43813551021220537,0,0,0.20000000000000004,False,False,True,False,True,False,True
0,3,0.22090977632571,0.4894457748636945,1,0,0.20000000000000004,True,False,True,True,False,False,True
0,3,0.34656948982156316,0.33812548386615277,1,1,0.0,True,False,True,True,False,False,True
1,2,0.34656948982156316,0.5281013477114938,0,0,0.1,False,False,True,False,True,True,False
1,2,0.2334757476752953,0.5281013477114938,0,1,0.0,False,False,True,False,True,True,False
0,3,0.34656948982156316,0.34755366512192026,1,1,0.0,True,True,False,True,False,False,True
1,3,0.39683337521990447,0.3529552840548492,1,1,0.0,True,False,True,True,False,False,True
1,1,0.34656948982156316,0.5313325505056177,1,1,0.0,True,False,True,True,False,False,False
1,3,0.34656948982156316,0.45491364524217526,0,0,0.1,False,False,True,False,True,False,True
1,2,0.5224930887157577,0.5281013477114938,0,0,0.1,False,False,True,False,True,True,False
0,3,0.20834380497612465,0.3356791332316349,1,1,0.0,True,False,True,True,False,False,True
0,1,0.6230208595124404,0.6475482867996226,1,0,0.1,True,False,True,True,False,False,False
1,1,0.17064589092736868,0.7684432068211329,0,0,0.30000000000000004,False,False,True,False,False,False,False
0,3,0.2586076903744659,0.5713912159474593,0,0,0.4,False,False,True,False,True,False,True
1,2,0.2963056044232219,0.47799919815831027,0,0,0.5000000000000001,False,False,True,False,True,True,False
0,1,0.7989444584066349,0.8934502391534316,1,0,0.5000000000000001,True,False,True,True,False,False,False
0,2,0.38426740387031916,0.39134423619738523,1,1,0.0,True,False,True,True,False,True,False
1,2,0.5601910027645137,0.5295781586642772,0,0,0.20000000000000004,False,False,True,False,True,True,False
0,3,0.24604171902488062,0.3767675685322775,1,1,0.0,True,False,True,True,False,False,True
0,3,0.3088715757728072,0.34801082050793586,1,0,0.1,True,False,True,True,False,False,True
1,2,0.34656948982156316,0.42286368807669106,0,1,0.0,False,False,True,False,True,True,False
1,3,0.34656948982156316,0.354058060975568,1,1,0.0,True,False,True,True,False,False,True
1,1,0.04498617743151546,0.7077696544942279,0,0,0.20000000000000004,True,False,True,False,False,False,False
1,2,0.15807991957778336,0.48397130012322576,0,0,0.1,False,False,True,False,False,True,False
1,1,0.4219653179190751,0.5313325505056177,1,1,0.0,True,False,True,True,False,False,False
1,3,0.05755214878110078,0.4820708903996448,0,0,0.30000000000000004,False,False,False,False,False,False,True
1,1,0.648152802211611,0.5528013511027754,1,1,0.0,True,False,True,True,False,False,False
0,2,0.4470972606182458,0.5381641153575258,1,0,0.30000000000000004,True,False,True,True,False,True,False
0,3,0.34656948982156316,0.4875782343987794,1,0,0.1,True,False,True,True,False,False,True
0,1,0.37170143252073384,0.5381641153575258,1,1,0.0,True,False,False,True,False,False,False
1,1,0.610454888162855,0.7212027531446069,1,0,0.1,True,False,False,True,False,False,False
0,3,0.34656948982156316,0.3529552840548492,1,1,0.0,True,False,True,True,False,False,True
1,3,0.35913546117114853,0.3502016019446998,1,1,0.0,True,False,False,True,False,False,True
0,1,0.8115104297562202,0.5313325505056177,1,1,0.0,True,False,True,True,False,False,False
1,1,0.34656948982156316,0.635754966338881,0,0,0.1,False,False,True,False,True,False,False
1,2,0.6230208595124404,0.39134423619738523,0,1,0.0,False,False,True,False,True,True,False
0,3,0.34656948982156316,0.34755366512192026,1,1,0.0,True,True,False,True,False,False,True
1,1,0.5978889168132697,0.5313325505056177,1,1,0.0,True,False,True,True,False,False,False
0,3,0.4219653179190751,0.3529552840548492,1,1,0.0,True,False,True,True,False,False,True
0,1,0.5853229454636844,0.589064149215766,1,1,0.0,True,False,True,True,False,False,False
0,2,0.5978889168132697,0.42286368807669106,1,1,0.0,True,False,True,True,False,True,False
0,3,0.34656948982156316,0.3529552840548492,1,1,0.0,True,False,True,True,False,False,True
0,3,0.4722292033174164,0.33419319194156843,1,1,0.0,True,False,True,True,False,False,True
0,2,0.34656948982156316,0.0,1,1,0.0,True,False,True,True,False,True,False
0,1,0.6984166876099522,0.5313325505056177,1,1,0.0,True,False,True,True,False,False,False
0,3,0.34656948982156316,0.3470952017072669,1,1,0.0,True,True,False,True,False,False,True
1,3,0.0041467705453631576,0.4820708903996448,0,0,0.30000000000000004,False,False,False,False,False,False,True
0,3,0.34656948982156316,0.33812548386615277,1,1,0.0,True,False,True,True,False,False,True
0,3,0.4722292033174164,0.36344855811683735,1,1,0.0,True,False,True,True,False,False,True
1,2,0.4093993465694898,0.5381641153575258,0,0,0.30000000000000004,False,False,True,False,True,True,False
1,2,0.2837396330736366,0.43167791840596337,0,1,0.0,False,False,False,False,True,True,False
0,3,0.2711736617240512,0.3818368689483545,0,1,0.0,False,False,True,False,True,False,True
0,1,0.34656948982156316,0.6361712049470615,1,1,0.0,True,False,True,True,False,False,False
0,2,0.4219653179190751,0.4952865544680222,1,0,0.1,True,False,True,True,False,True,False
0,3,0.35913546117114853,0.33410957037538047,1,0,0.1,True,False,True,True,False,False,True
0,3,0.2711736617240512,0.3433005296109263,1,1,0.0,True,False,True,True,False,False,True
1,3,0.01985423473234481,0.4144941515201205,0,0,0.1,False,False,True,False,False,False,True
0,3,0.10781603417944208,0.6199594201430055,0,0,0.7000000000000001,True,False,True,False,False,False,True
0,2,0.34656948982156316,0.0,1,1,0.0,True,False,True,True,False,True,False
0,3,0.6230208595124404,0.3529552840548492,1,1,0.0,True,False,True,True,False,False,True
1,3,0.7863784870570495,0.37809730939294867,0,1,0.0,False,False,True,False,True,False,True
1,1,0.3088715757728072,0.7246769696172585,1,0,0.1,True,False,False,True,False,False,False
0,3,0.34656948982156316,0.5249047780663141,0,0,0.4,False,False,True,False,True,False,True
1,1,0.4345312892686604,0.7227878932056411,0,0,0.1,False,False,True,False,True,False,False
0,1,0.723548630309123,0.5486793783580444,1,1,0.0,True,False,False,True,False,False,False
0,3,0.37170143252073384,0.3529552840548492,1,1,0.0,True,False,True,True,False,False,True
1,3,0.10781603417944208,0.4530285310977594,0,0,0.20000000000000004,True,False,True,False,False,False,True
0,3,0.34656948982156316,0.4875782343987794,1,0,0.1,True,False,True,True,False,False,True
0,3,0.2586076903744659,0.33812548386615277,1,1,0.0,True,False,True,True,False,False,True
0,1,0.685850716260367,0.5528013511027754,1,1,0.0,True,False,True,True,False,False,False
0,1,0.8869062578537321,0.6284423071472074,1,1,0.0,True,False,False,True,False,False,False
0,3,0.2586076903744659,0.3529552840548492,1,1,0.0,True,False,True,True,False,False,True
0,3,0.34656948982156316,0.43874096070747076,1,1,0.0,True,False,False,True,False,False,True
1,1,0.6732847449107816,0.7006691272358188,0,0,0.1,False,False,False,False,True,False,False
0,3,0.34656948982156316,0.44525814299902416,1,1,0.0,True,False,True,True,False,False,True
0,1,0.3088715757728072,0.8055694580427181,0,0,0.30000000000000004,False,False,True,False,True,False,False
0,3,0.2963056044232219,0.348390182281133,1,1,0.0,True,False,True,True,False,False,True
0,3,0.20834380497612465,0.36344855811683735,1,1,0.0,True,False,True,True,False,False,True
0,3,0.2586076903744659,0.34755366512192026,0,1,0.0,False,True,False,False,True,False,True
0,3,0.34656948982156316,0.34532612409470087,0,1,0.0,False,True,False,False,True,False,True
0,3,0.4596632319678311,0.37809730939294867,0,1,0.0,False,False,True,False,True,False,True
1,1,0.19577783362653933,0.7165034463969725,0,1,0.0,False,False,True,False,True,False,False
0,1,0.22090977632571,0.7530256522025331,1,0,0.1,True,False,False,True,False,False,False
1,2,0.4093993465694898,0.5281013477114938,0,0,0.20000000000000004,False,False,True,False,True,True,False
1,1,0.34656948982156316,0.5313325505056177,1,1,0.0,True,False,True,True,False,False,False
0,3,0.34656948982156316,0.5060255577752875,1,1,0.0,True,False,True,True,False,False,True
1,3,0.32143754712239253,0.6492173620225161,1,1,0.0,True,False,True,True,False,False,True
1,3,0.35913546117114853,0.34755366512192026,1,1,0.0,True,True,False,True,False,False,True
0,3,0.34656948982156316,0.3529552840548492,1,1,0.0,True,False,True,True,False,False,True
1,1,0.4470972606182458,0.5297985110081134,1,1,0.0,True,False,True,True,False,False,False
1,1,0.6732847449107816,0.6571131889470551,0,0,0.1,False,False,False,False,True,False,False
0,3,0.2963056044232219,0.34282971590727757,1,1,0.0,True,False,True,True,False,False,True
0,1,0.5853229454636844,0.5697787630490322,1,1,0.0,True,False,True,True,False,False,False
1,2,0.4219653179190751,0.39134423619738523,0,1,0.0,False,False,True,False,True,True,False
0,3,0.34656948982156316,0.5167281848535599,1,1,0.0,True,True,False,True,False,False,True
1,2,0.4470972606182458,0.5281013477114938,0,0,0.1,False,False,True,False,True,True,False
0,3,0.39683337521990447,0.3502016019446998,1,1,0.0,True,False,True,True,False,False,True
1,1,0.37170143252073384,0.7288351336732733,0,1,0.0,False,False,True,False,True,False,False
0,3,0.2711736617240512,0.3502016019446998,1,1,0.0,True,False,True,True,False,False,True
0,3,0.34656948982156316,0.33763919258513786,1,1,0.0,True,False,False,True,False,False,True
1,1,0.5476250314149284,0.6532989635355536,0,0,0.1,False,False,False,False,True,False,False
0,3,0.34656948982156316,0.3377209927336551,1,1,0.0,True,False,False,True,False,False,True
0,3,0.5036441316913798,0.34755366512192026,1,1,0.0,True,True,False,True,False,False,True
1,2,0.6230208595124404,0.39134423619738523,0,1,0.0,False,False,True,False,True,True,False
0,1,0.34656948982156316,0.8662478349118685,1,1,0.0,True,False,True,True,False,False,False
0,3,0.4847951746670017,0.35072669661240763,1,1,0.0,True,False,True,True,False,False,True
0,2,0.2837396330736366,0.40470470937773706,1,0,0.30000000000000004,True,False,True,True,False,True,False
1,2,0.01985423473234481,0.5281013477114938,0,0,0.20000000000000004,False,False,True,False,False,True,False
0,3,0.34656948982156316,0.3377209927336551,1,1,0.0,True,False,False,True,False,False,True
0,3,0.20834380497612465,0.3377209927336551,1,0,0.20000000000000004,True,False,False,True,False,False,True
1,3,0.34656948982156316,0.5048860932177652,0,0,0.20000000000000004,False,False,False,False,True,False,True
0,3,0.37170143252073384,0.36344855811683735,0,1,0.0,False,False,True,False,True,False,True
1,2,0.08268409148027142,0.5295781586642772,0,0,0.20000000000000004,False,False,True,False,False,True,False
0,1,0.5601910027645137,0.5313325505056177,1,1,0.0,True,False,True,True,False,False,False
1,1,0.37170143252073384,0.74937587918781,0,1,0.0,False,False,False,False,True,False,False
0,3,0.34656948982156316,0.43917261968469046,1,1,0.0,True,False,True,True,False,False,True
1,1,0.2711736617240512,0.6284289814045624,0,0,0.20000000000000004,False,False,False,False,True,False,False
1,1,0.4470972606182458,0.6852624183133631,0,0,0.20000000000000004,False,False,True,False,True,False,False
0,3,0.10781603417944208,0.556695873257052,0,0,0.6000000000000001,False,False,True,False,False,False,True
0,3,0.1329479768786127,0.556695873257052,0,0,0.6000000000000001,False,False,True,False,False,False,True
1,2,0.39683337521990447,0.5281013477114938,1,0,0.1,True,False,True,True,False,True,False
0,1,0.6230208595124404,0.74937587918781,1,0,0.1,True,False,False,True,False,False,False
0,1,0.7989444584066349,0.5281013477114938,1,1,0.0,True,False,True,True,False,False,False
1,2,0.2334757476752953,0.5281013477114938,0,0,0.1,False,False,True,False,True,True,False
1,2,0.34656948982156316,0.4324430381951561,1,1,0.0,True,False,False,True,False,True,False
0,3,0.4093993465694898,0.491789087380451,1,0,0.20000000000000004,True,False,True,True,False,False,True
1,2,0.09525006282985675,0.5818031659922842,0,0,0.20000000000000004,True,False,True,False,False,True,False
1,1,0.20834380497612465,0.7558914972956429,1,0,0.20000000000000004,True,False,False,True,False,False,False
0,2,0.33400351847197784,0.5281013477114938,1,1,0.0,True,False,True,True,False,True,False
0,3,0.34656948982156316,0.34899747688919597,1,1,0.0,True,True,False,True,False,False,True
1,3,0.2711736617240512,0.33763919258513786,1,1,0.0,True,False,False,True,False,False,True
1,3,0.2711736617240512,0.34801082050793586,0,1,0.0,False,False,True,False,True,False,True
0,1,0.7738125157074642,0.5313325505056177,1,1,0.0,True,False,True,True,False,False,False
1,1,0.5978889168132697,0.593465328263533,0,0,0.1,False,False,False,False,True,False,False
0,1,0.34656948982156316,0.8703280791561688,1,1,0.0,True,False,False,True,False,False,False
1,1,0.4847951746670017,0.7034412659259898,0,0,0.20000000000000004,False,False,True,False,True,False,False
1,3,0.4470972606182458,0.46665425915215614,0,0,0.1,False,False,True,False,True,False,True
0,3,0.34656948982156316,0.34755366512192026,1,1,0.0,True,True,False,True,False,False,True
0,3,0.49736114601658704,0.3502016019446998,1,1,0.0,True,False,True,True,False,False,True
0,2,0.34656948982156316,0.42848647040443827,1,1,0.0,True,False,True,True,False,True,False
0,3,0.34656948982156316,0.3529552840548492,1,1,0.0,True,False,True,True,False,False,True
0,3,0.34656948982156316,0.3529552840548492,0,1,0.0,False,False,True,False,True,False,True
0,3,0.2963056044232219,0.5167281848535599,1,0,0.20000000000000004,True,False,True,True,False,False,True
0,3,0.2334757476752953,0.3502016019446998,1,1,0.0,True,False,True,True,False,False,True
0,3,0.35913546117114853,0.495831873839879,0,0,0.4,False,False,True,False,True,False,True
0,3,0.34656948982156316,0.3377209927336551,1,1,0.0,True,False,False,True,False,False,True
1,3,0.39683337521990447,0.3494505372759428,1,1,0.0,True,False,True,True,False,False,True
1,2,0.7738125157074642,0.39134423619738523,1,1,0.0,True,False,True,True,False,True,False
1,1,0.6607187735611963,0.6345889034401546,0,0,0.20000000000000004,False,False,True,False,True,False,False
1,1,0.4470972606182458,0.530384640071773,1,1,0.0,True,False,True,True,False,False,False
1,3,0.34656948982156316,0.34755366512192026,0,1,0.0,False,True,False,False,True,False,True
0,3,0.19577783362653933,0.3529552840548492,1,1,0.0,True,False,True,True,False,False,True
0,3,0.2334757476752953,0.43917261968469046,1,1,0.0,True,False,True,True,False,False,True
1,2,0.4219653179190751,0.42286368807669106,0,1,0.0,False,False,True,False,True,True,False
1,1,0.4847951746670017,0.6475482867996226,0,0,0.1,False,False,True,False,True,False,False
0,3,0.34656948982156316,0.43874096070747076,0,0,0.1,False,False,False,False,True,False,True
1,3,0.39683337521990447,0.35072669661240763,1,1,0.0,True,False,True,True,False,False,True
1,2,0.3088715757728072,0.5502375707421462,0,0,0.20000000000000004,False,False,True,False,True,True,False
1,1,0.4847951746670017,0.7558914972956429,0,0,0.20000000000000004,False,False,False,False,True,False,False
0,2,0.6732847449107816,0.5281013477114938,1,1,0.0,True,False,True,True,False,True,False
0,1,0.4470972606182458,0.5955240228027343,1,1,0.0,True,False,False,True,False,False,False
0,3,0.34656948982156316,0.3642755682319913,1,1,0.0,True,False,False,True,False,False,True
1,1,0.22090977632571,0.7034412659259898,0,0,0.20000000000000004,False,False,True,False,True,False,False
0,2,0.5853229454636844,0.44425980422982303,1,1,0.0,True,False,True,True,False,True,False
1,1,0.7486805730082936,0.7025447166880028,1,0,0.20000000000000004,True,False,False,True,False,False,False
0,3,0.2711736617240512,0.3529552840548492,1,1,0.0,True,False,True,True,False,False,True
0,3,0.34656948982156316,0.3529552840548492,1,1,0.0,True,False,True,True,False,False,True
0,3,0.4345312892686604,0.3356791332316349,1,1,0.0,True,False,True,True,False,False,True
1,1,0.648152802211611,0.7006691272358188,0,0,0.1,False,False,False,False,True,False,False
0,3,0.5853229454636844,0.33812548386615277,1,1,0.0,True,False,True,True,False,False,True
0,3,0.34656948982156316,0.34755366512192026,0,0,0.20000000000000004,False,True,False,False,True,False,True
0,2,0.4596632319678311,0.5281013477114938,1,0,0.1,True,False,True,True,False,True,False
0,3,0.4470972606182458,0.5167281848535599,1,0,0.20000000000000004,True,False,True,True,False,False,True
1,2,0.34656948982156316,0.5650388114700938,0,1,0.0,False,False,True,False,True,True,False
0,3,0.610454888162855,0.0,1,1,0.0,True,False,True,True,False,False,True
0,3,0.34656948982156316,0.33763919258513786,1,1,0.0,True,False,False,True,False,False,True
1,1,0.610454888162855,0.650420658454538,1,0,0.1,True,False,False,True,False,False,False
1,2,0.2963056044232219,0.5339286391341469,0,0,0.30000000000000004,False,False,True,False,True,True,False
0,3,0.34656948982156316,0.3502016019446998,1,1,0.0,True,False,True,True,False,False,True
0,1,0.34656948982156316,0.6041514775437852,1,1,0.0,True,False,True,True,False,False,False
0,3,0.5476250314149284,0.3529552840548492,1,1,0.0,True,False,True,True,False,False,True
1,1,0.4345312892686604,0.5313325505056177,1,1,0.0,True,False,False,True,False,False,False
0,3,0.4470972606182458,0.44967525482179704,1,0,0.1,True,False,True,True,False,False,True
0,3,0.37170143252073384,0.3502016019446998,1,1,0.0,True,False,True,True,False,False,True
1,1,0.33400351847197784,0.5528013511027754,1,1,0.0,True,False,True,True,False,False,False
1,2,0.2711736617240512,0.6010920603306374,0,0,0.30000000000000004,False,False,False,False,True,True,False
1,1,0.49736114601658704,0.8075657891202526,0,1,0.0,False,False,True,False,True,False,False
0,3,0.4847951746670017,0.556695873257052,0,0,0.6000000000000001,False,False,True,False,True,False,True
0,3,0.34656948982156316,0.33419319194156843,1,1,0.0,True,False,True,True,False,False,True
1,3,0.34656948982156316,0.44919043492360855,0,0,0.1,False,True,False,False,True,False,True
0,3,0.34656948982156316,0.34755366512192026,1,1,0.0,True,True,False,True,False,False,True
0,3,0.4345312892686604,0.3529552840548492,1,1,0.0,True,False,True,True,False,False,True
1,2,0.2963056044232219,0.67132033703852,0,0,0.30000000000000004,False,False,True,False,True,True,False
0,3,0.4219653179190751,0.43813551021220537,1,0,0.20000000000000004,True,False,True,True,False,False,True
0,3,0.32143754712239253,0.45491364524217526,0,0,0.1,False,False,True,False,True,False,True
1,2,0.04498617743151546,0.5910796833899638,0,0,0.30000000000000004,False,False,True,False,False,True,False
0,2,0.32143754712239253,0.39134423619738523,1,1,0.0,True,False,True,True,False,True,False
0,3,0.33400351847197784,0.4386984565615303,1,0,0.1,True,False,False,True,False,False,True
1,1,0.5224930887157577,0.6378379970302275,1,0,0.1,True,False,True,True,False,False,False
1,3,0.24604171902488062,0.4515205782884459,1,0,0.20000000000000004,True,False,False,True,False,False,True
0,3,0.2586076903744659,0.3494505372759428,1,1,0.0,True,False,True,True,False,False,True
0,3,0.2586076903744659,0.45491364524217526,1,1,0.0,True,False,True,True,False,False,True
0,1,0.7612465443578789,0.5618055210970822,1,1,0.0,True,False,True,True,False,False,False
0,2,0.7109826589595376,0.415246066809403,1,1,0.0,True,True,False,True,False,True,False
1,1,0.2586076903744659,0.7000444993352338,0,1,0.0,False,False,True,False,True,False,False
0,3,0.32143754712239253,0.3502016019446998,1,1,0.0,True,False,True,True,False,False,True
0,3,0.34656948982156316,0.34724755706710003,1,1,0.0,True,True,False,True,False,False,True
1,1,1.0,0.5502375707421462,1,1,0.0,True,False,True,True,False,False,False
0,3,0.6355868308620256,0.33427676989048954,1,1,0.0,True,False,True,True,False,False,True
1,1,0.39683337521990447,0.5528013511027754,1,1,0.0,True,False,False,True,False,False,False
0,1,0.34656948982156316,0.0,1,1,0.0,True,False,True,True,False,False,False
0,3,0.10781603417944208,0.5389979395502239,0,0,0.5000000000000001,False,False,True,False,False,False,True
1,2,0.34656948982156316,0.42286368807669106,0,1,0.0,False,False,True,False,True,True,False
0,3,0.39683337521990447,0.35072669661240763,1,1,0.0,True,False,True,True,False,False,True
0,2,0.38426740387031916,0.5295781586642772,1,0,0.20000000000000004,True,False,True,True,False,True,False
0,3,0.5099271173661725,0.5938102861020564,0,0,0.5000000000000001,False,False,True,False,True,False,True
0,3,0.34656948982156316,0.45491364524217526,1,0,0.1,True,False,True,True,False,False,True
0,3,0.24604171902488062,0.3494505372759428,1,1,0.0,True,False,True,True,False,False,True
1,1,0.2963056044232219,0.6814337631908569,0,1,0.0,False,False,False,False,True,False,False
0,3,0.01985423473234481,0.5389979395502239,0,0,0.5000000000000001,False,False,True,False,False,False,True
1,3,0.34656948982156316,0.6492173620225161,1,1,0.0,True,False,True,True,False,False,True
1,3,0.0041467705453631576,0.4820708903996448,0,0,0.30000000000000004,False,False,False,False,False,False,True
1,1,0.5978889168132697,0.6975306263001565,1,0,0.1,True,False,False,True,False,False,False
0,3,0.2334757476752953,0.3502016019446998,1,1,0.0,True,False,True,True,False,False,True
1,1,0.6984166876099522,0.5764076106287911,1,1,0.0,True,False,False,True,False,False,False
0,3,0.34656948982156316,0.34384869418471947,1,1,0.0,True,False,True,True,False,False,True
1,3,0.2837396330736366,0.34384869418471947,0,1,0.0,False,False,True,False,True,False,True
0,3,0.34656948982156316,0.3502016019446998,1,1,0.0,True,False,True,True,False,False,True
1,2,0.22090977632571,0.5092286357428653,0,0,0.1,False,False,True,False,True,True,False
0,3,0.2586076903744659,0.3596019390794455,1,1,0.0,True,False,True,True,False,False,True
1,3,0.34656948982156316,0.34899747688919597,0,1,0.0,False,True,False,False,True,False,True
0,3,0.22090977632571,0.32810766862723467,0,1,0.0,False,True,False,False,True,False,True
0,2,0.2963056044232219,0.6907316473431996,1,0,0.20000000000000004,True,False,True,True,False,True,False
0,3,0.34656948982156316,0.3502016019446998,1,1,0.0,True,False,True,True,False,False,True
0,3,0.39683337521990447,0.44919043492360855,0,0,0.20000000000000004,False,True,False,False,True,False,True
0,2,0.2837396330736366,0.42286368807669106,1,1,0.0,True,False,True,True,False,True,False
0,1,0.723548630309123,0.7592806561689714,1,0,0.20000000000000004,True,False,False,True,False,False,False
1,1,0.6230208595124404,0.7855702199804014,1,0,0.20000000000000004,True,False,True,True,False,False,False
0,3,0.49736114601658704,0.33763919258513786,1,1,0.0,True,False,False,True,False,False,True
0,1,0.5853229454636844,0.5256344530864218,1,1,0.0,True,False,True,True,False,False,False
0,3,0.4470972606182458,0.34282971590727757,1,1,0.0,True,False,True,True,False,False,True
1,3,0.24604171902488062,0.35072669661240763,1,0,0.1,True,False,True,True,False,False,True
0,2,0.39683337521990447,0.6907316473431996,1,0,0.20000000000000004,True,False,True,True,False,True,False
0,2,0.3088715757728072,0.42286368807669106,1,1,0.0,True,False,True,True,False,True,False
0,3,0.34656948982156316,0.34801082050793586,1,1,0.0,True,False,True,True,False,False,True
0,3,0.5350590600653431,0.3529552840548492,1,1,0.0,True,False,True,True,False,False,True
1,1,0.34656948982156316,0.6361712049470615,0,0,0.1,False,False,True,False,True,False,False
1,2,0.49736114601658704,0.5910796833899638,0,0,0.20000000000000004,False,False,True,False,True,True,False
0,1,0.38426740387031916,0.6361712049470615,1,0,0.1,True,False,True,True,False,False,False
0,2,0.8743402865041467,0.39134423619738523,1,1,0.0,True,False,True,True,False,True,False
1,2,0.38426740387031916,0.42286368807669106,1,1,0.0,True,False,True,True,False,True,False
0,2,0.34656948982156316,0.0,1,1,0.0,True,False,True,True,False,True,False
0,3,0.22090977632571,0.34801082050793586,1,1,0.0,True,False,True,True,False,False,True
0,3,0.30258859009801453,0.3529552840548492,1,1,0.0,True,False,True,True,False,False,True
1,3,0.22090977632571,0.38189895408024777,0,1,0.0,False,False,True,False,True,False,True
0,3,0.5350590600653431,0.6199594201430055,0,0,0.7000000000000001,False,False,True,False,True,False,True
1,1,0.4470972606182458,1.0,1,0,0.1,True,False,False,True,False,False,False
0,3,0.34656948982156316,0.3544970553710043,0,1,0.0,False,True,False,False,True,False,True
1,1,0.33400351847197784,0.6975306263001565,1,1,0.0,True,False,False,True,False,False,False
0,3,0.24604171902488062,0.37251505985030076,1,1,0.0,True,False,True,True,False,False,True
0,3,0.17064589092736868,0.6199594201430055,0,0,0.7000000000000001,True,False,True,False,False,False,True
0,2,0.7486805730082936,0.5910796833899638,1,0,0.20000000000000004,True,False,True,True,False,True,False
0,2,0.3088715757728072,0.6010920603306374,1,0,0.30000000000000004,True,False,False,True,False,True,False
0,3,0.17064589092736868,0.5938102861020564,0,0,0.5000000000000001,True,False,True,False,False,False,True
0,3,0.2334757476752953,0.38669046451768996,1,1,0.0,True,False,True,True,False,False,True
0,3,0.22090977632571,0.348390182281133,1,1,0.0,True,False,True,True,False,False,True
1,1,0.18321186227695402,0.8585559919103046,0,0,0.1,False,False,True,False,False,False,False
1,1,0.38426740387031916,0.6506163725193498,1,0,0.1,True,False,True,True,False,False,False
1,3,0.04498617743151546,0.42756330602760173,0,0,0.1,False,False,False,False,False,False,True
1,3,0.34656948982156316,0.6492173620225161,1,1,0.0,True,False,True,True,False,False,True
0,3,0.3088715757728072,0.33763919258513786,1,1,0.0,True,False,False,True,False,False,True
0,1,0.7486805730082936,0.5313325505056177,1,1,0.0,True,False,True,True,False,False,False
0,2,0.648152802211611,0.42848647040443827,1,1,0.0,True,False,True,True,False,True,False
0,3,0.5476250314149284,0.3529552840548492,1,1,0.0,True,False,True,True,False,False,True
1,3,0.34656948982156316,0.34724755706710003,0,1,0.0,False,True,False,False,True,False,True
0,1,0.610454888162855,0.7558914972956429,1,0,0.20000000000000004,True,False,False,True,False,False,False
0,3,0.5224930887157577,0.345711887900344,1,1,0.0,True,False,True,True,False,False,True
1,1,0.22090977632571,0.8703280791561688,0,0,0.1,False,False,False,False,True,False,False
1,1,0.4345312892686604,0.5297985110081134,1,1,0.0,True,False,True,True,False,False,False
0,3,0.22090977632571,0.4386984565615303,0,0,0.1,False,False,False,False,True,False,True
0,3,0.3088715757728072,0.3474016006811963,1,1,0.0,True,True,False,True,False,False,True
0,3,0.32143754712239253,0.3494505372759428,1,0,0.1,True,False,True,True,False,False,True
0,2,0.4847951746670017,0.5281013477114938,1,1,0.0,True,False,True,True,False,True,False
1,2,0.5601910027645137,0.42848647040443827,0,1,0.0,False,False,True,False,True,True,False
1,1,0.5224930887157577,0.5297985110081134,1,1,0.0,True,False,True,True,False,False,False
1,1,0.2711736617240512,0.8055694580427181,0,1,0.0,False,False,True,False,True,False,False
1,3,0.34656948982156316,0.4467026649062168,1,0,0.20000000000000004,True,False,False,True,False,False,True
1,1,0.2963056044232219,0.6284423071472074,0,1,0.0,False,False,False,False,True,False,False
0,1,0.34656948982156316,0.5313325505056177,1,1,0.0,True,False,True,True,False,False,False
1,1,0.5978889168132697,0.6361712049470615,1,0,0.1,True,False,True,True,False,False,False
0,3,0.35913546117114853,0.37651251911406697,1,1,0.0,True,False,True,True,False,False,True
0,2,0.648152802211611,0.42286368807669106,1,1,0.0,True,False,True,True,False,True,False
0,3,0.2334757476752953,0.345711887900344,1,1,0.0,True,False,True,True,False,False,True
1,1,0.4722292033174164,0.8703280791561688,0,1,0.0,False,False,False,False,True,False,False
1,2,0.33400351847197784,0.39134423619738523,0,1,0.0,False,False,True,False,True,True,False
0,3,0.34656948982156316,0.44919043492360855,1,1,0.0,True,True,False,True,False,False,True
0,3,0.4093993465694898,0.34801082050793586,1,1,0.0,True,False,True,True,False,False,True
1,2,0.0701181201306861,0.5650388114700938,0,0,0.1,False,False,True,False,False,True,False
0,3,0.20834380497612465,0.33427676989048954,1,0,0.1,True,False,True,True,False,False,True
0,2,0.4219653179190751,0.42286368807669106,1,1,0.0,True,False,True,True,False,True,False
0,2,0.6230208595124404,0.42286368807669106,1,1,0.0,True,False,True,True,False,True,False
1,1,0.33400351847197784,0.6394627518675874,1,0,0.1,True,False,True,True,False,False,False
0,3,0.24604171902488062,0.36344855811683735,1,1,0.0,True,False,True,True,False,False,True
1,2,0.37170143252073384,0.4952865544680222,0,0,0.30000000000000004,False,False,True,False,True,True,False
1,3,0.34656948982156316,0.3473245973858278,0,1,0.0,False,True,False,False,True,False,True
0,2,0.3088715757728072,0.5281013477114938,1,0,0.1,True,False,True,True,False,True,False
0,3,0.3088715757728072,0.35072669661240763,0,0,0.1,False,False,True,False,True,False,True
1,1,0.35913546117114853,0.8585559919103046,0,1,0.0,False,False,True,False,True,False,False
0,3,0.1329479768786127,0.4783031492847506,0,1,0.0,True,False,False,False,False,False,True
0,2,0.34656948982156316,0.0,1,1,0.0,True,False,True,True,False,True,False
0,2,0.2837396330736366,0.42286368807669106,1,1,0.0,True,False,True,True,False,True,False
0,2,0.2837396330736366,0.42286368807669106,1,1,0.0,True,False,True,True,False,True,False
0,3,0.35285247549635584,0.45491364524217526,1,1,0.0,True,False,True,True,False,False,True
0,3,0.5978889168132697,0.5713912159474593,0,0,0.4,False,False,True,False,True,False,True
1,1,0.4345312892686604,1.0,1,1,0.0,True,False,False,True,False,False,False
0,3,0.34656948982156316,0.3502016019446998,1,1,0.0,True,False,True,True,False,False,True
0,3,0.34656948982156316,0.3502016019446998,1,1,0.0,True,False,True,True,False,False,True
1,1,0.34656948982156316,0.5502375707421462,1,1,0.0,True,False,True,True,False,False,False
0,1,0.4470972606182458,0.7018439158340847,1,0,0.1,True,False,True,True,False,False,False
1,1,0.2586076903744659,0.8930704502718892,0,0,0.4,False,False,False,False,True,False,False
0,3,0.2963056044232219,0.45491364524217526,1,0,0.1,True,False,True,True,False,False,True
1,3,0.38426740387031916,0.35072669661240763,1,1,0.0,True,False,True,True,False,False,True
0,1,0.8743402865041467,0.6852624183133631,1,0,0.20000000000000004,True,False,True,True,False,False,False
0,3,0.19577783362653933,0.4897287885153229,1,0,0.20000000000000004,True,False,True,True,False,False,True
1,2,0.37170143252073384,0.42286368807669106,0,1,0.0,False,False,True,False,True,True,False
0,1,0.2334757476752953,0.6394627518675874,1,0,0.1,True,False,True,True,False,False,False
0,3,0.38426740387031916,0.34755366512192026,1,1,0.0,True,True,False,True,False,False,True
1,2,0.04498617743151546,0.5092286357428653,0,0,0.20000000000000004,False,False,True,False,False,True,False
1,3,0.0701181201306861,0.4167393940590734,0,0,0.1,True,False,True,False,False,False,True
0,3,0.4093993465694898,0.3767675685322775,1,1,0.0,True,False,True,True,False,False,True
0,3,0.2837396330736366,0.3502016019446998,1,1,0.0,True,False,True,True,False,False,True
1,2,0.5978889168132697,0.67132033703852,0,0,0.30000000000000004,False,False,True,False,True,True,False
1,2,0.003141492837396331,0.43917261968469046,0,0,0.20000000000000004,True,False,True,False,False,True,False
0,3,0.34656948982156316,0.348390182281133,1,1,0.0,True,False,True,True,False,False,True
0,2,0.22090977632571,0.40470470937773706,1,1,0.0,True,False,True,True,False,True,False
0,3,0.4219653179190751,0.3529552840548492,1,1,0.0,True,False,True,True,False,False,True
1,1,0.4093993465694898,0.7165034463969725,0,1,0.0,False,False,True,False,True,False,False
0,3,0.34656948982156316,0.43917261968469046,1,1,0.0,True,False,True,True,False,False,True
0,3,0.5099271173661725,0.3356791332316349,1,1,0.0,True,False,True,True,False,False,True
1,3,0.24604171902488062,0.3377209927336551,1,1,0.0,True,False,False,True,False,False,True
1,1,0.4470972606182458,0.7684432068211329,0,0,0.30000000000000004,False,False,True,False,True,False,False
0,3,0.19577783362653933,0.34801082050793586,1,1,0.0,True,False,True,True,False,False,True
1,1,0.6355868308620256,0.7000444993352338,0,0,0.1,False,False,True,False,True,False,False
0,1,0.34656948982156316,0.593465328263533,1,1,0.0,True,False,False,True,False,False,False
0,3,0.3779844181955265,0.34755366512192026,0,1,0.0,False,True,False,False,True,False,True
0,3,0.34656948982156316,0.5167281848535599,1,0,0.1,True,True,False,True,False,False,True
0,3,0.39683337521990447,0.3583948034719131,1,1,0.0,True,False,True,True,False,False,True
0,3,0.2963056044232219,0.3767675685322775,1,1,0.0,True,False,True,True,False,False,True
0,3,0.5978889168132697,0.3494505372759428,1,1,0.0,True,False,True,True,False,False,True
0,2,0.7109826589595376,0.39134423619738523,0,1,0.0,False,False,True,False,True,True,False
0,3,0.34656948982156316,0.33763919258513786,1,1,0.0,True,False,False,True,False,False,True
1,2,0.6732847449107816,0.5092286357428653,0,0,0.4,False,False,True,False,True,True,False
0,3,0.22090977632571,0.34755366512192026,1,1,0.0,True,False,True,True,False,False,True
0,3,0.34656948982156316,0.34755366512192026,1,1,0.0,True,True,False,True,False,False,True
1,3,0.05755214878110078,0.4167393940590734,0,1,0.0,False,False,True,False,False,False,True
0,3,0.34656948982156316,0.3473245973858278,1,1,0.0,True,True,False,True,False,False,True
1,1,0.5350590600653431,0.8585559919103046,0,0,0.1,False,False,True,False,True,False,False
1,3,0.15807991957778336,0.3377209927336551,0,1,0.0,False,False,False,False,False,False,True
1,1,0.20834380497612465,0.6506163725193498,0,0,0.1,False,False,True,False,True,False,False
0,1,0.35913546117114853,0.5502375707421462,1,1,0.0,True,False,True,True,False,False,False
0,3,0.34656948982156316,0.5122051830222119,1,0,0.30000000000000004,True,False,True,True,False,False,True
0,3,0.3088715757728072,0.33419319194156843,1,1,0.0,True,False,True,True,False,False,True
0,3,0.3088715757728072,0.33812548386615277,1,1,0.0,True,False,True,True,False,False,True
1,3,0.22090977632571,0.34282971590727757,0,1,0.0,False,False,True,False,True,False,True
0,3,0.09525006282985675,0.5456498136790771,0,0,0.5000000000000001,True,True,False,False,False,False,True
1,3,0.007288263382759488,0.49216085751035477,0,0,0.30000000000000004,True,False,True,False,False,False,True
0,1,0.5727569741140991,0.7025447166880028,1,1,0.0,True,False,False,True,False,False,False
0,3,0.34656948982156316,0.34755366512192026,1,1,0.0,True,True,False,True,False,False,True
0,2,0.19577783362653933,0.5281013477114938,1,1,0.0,True,False,True,True,False,True,False
0,3,0.34656948982156316,0.682002570512027,0,0,1.0,False,False,True,False,True,False,True
0,1,0.34656948982156316,0.5537942554801266,1,1,0.0,True,False,False,True,False,False,False
0,3,0.3088715757728072,0.3502016019446998,1,1,0.0,True,False,True,True,False,False,True
0,2,0.4847951746670017,0.42286368807669106,1,1,0.0,True,False,True,True,False,True,False
1,1,0.610454888162855,0.5276806297112894,0,1,0.0,False,False,True,False,True,False,False
1,3,0.38426740387031916,0.3637931129710871,0,1,0.0,False,False,True,False,True,False,True
0,3,0.37170143252073384,0.3377209927336551,1,1,0.0,True,False,False,True,False,False,True
0,3,0.37170143252073384,0.5167281848535599,0,0,0.20000000000000004,False,False,True,False,True,False,True
0,2,0.4219653179190751,0.42286368807669106,1,1,0.0,True,False,True,True,False,True,False
1,2,0.38426740387031916,0.5295781586642772,0,0,0.20000000000000004,False,False,True,False,True,True,False
1,1,0.1329479768786127,0.7684432068211329,0,0,0.30000000000000004,True,False,True,False,False,False,False
1,3,0.0,0.36101233552414425,0,0,0.1,True,False,False,False,False,False,True
1,3,0.33400351847197784,0.33269334148249674,1,1,0.0,True,False,True,True,False,False,True
0,3,0.38426740387031916,0.34801082050793586,1,1,0.0,True,False,True,True,False,False,True
0,1,0.4847951746670017,0.0,1,1,0.0,True,False,True,True,False,False,False
0,3,0.22090977632571,0.34801082050793586,0,1,0.0,False,False,True,False,True,False,True
0,2,0.4847951746670017,0.42286368807669106,1,1,0.0,True,False,True,True,False,True,False
1,1,0.4093993465694898,0.6394627518675874,0,0,0.1,False,False,True,False,True,False,False
0,3,0.32143754712239253,0.35005203096679816,1,1,0.0,True,False,True,True,False,False,True
0,3,0.4847951746670017,0.5167281848535599,1,1,0.0,True,False,True,True,False,False,True
0,2,0.4345312892686604,0.39134423619738523,1,1,0.0,True,False,True,True,False,True,False
0,3,0.0701181201306861,0.556695873257052,0,0,0.6000000000000001,False,False,True,False,False,False,True
0,3,0.3779844181955265,0.3529552840548492,1,1,0.0,True,False,True,True,False,False,True
0,1,0.34656948982156316,0.0,1,1,0.0,True,False,True,True,False,False,False
0,3,0.2837396330736366,0.35072669661240763,0,1,0.0,False,False,True,False,True,False,True
0,2,0.38426740387031916,0.5828785214020847,1,0,0.20000000000000004,True,False,False,True,False,True,False
0,3,0.5350590600653431,0.3217818660681474,1,1,0.0,True,False,True,True,False,False,True
0,3,0.12038200552902739,0.5389979395502239,0,0,0.5000000000000001,True,False,True,False,False,False,True
1,1,0.648152802211611,0.7288351336732733,0,0,0.20000000000000004,False,False,True,False,True,False,False
1,3,0.33400351847197784,0.36344855811683735,1,1,0.0,True,False,True,True,False,False,True
0,1,0.4722292033174164,0.0,1,1,0.0,True,False,True,True,False,False,False
1,3,0.33400351847197784,0.4167393940590734,0,0,0.1,False,False,True,False,True,False,True
0,3,0.01985423473234481,0.5938102861020564,0,0,0.5000000000000001,True,False,True,False,False,False,True
0,3,0.34656948982156316,0.3321902551850515,1,1,0.0,True,True,False,True,False,False,True
0,3,0.34656948982156316,0.6492173620225161,1,1,0.0,True,False,True,True,False,False,True
1,2,0.007288263382759488,0.5828785214020847,0,0,0.20000000000000004,True,False,False,False,False,True,False
1,3,0.34656948982156316,0.34755366512192026,1,1,0.0,True,True,False,True,False,False,True
1,1,0.7738125157074642,0.7041351302819917,0,1,0.0,False,False,True,False,True,False,False
1,3,0.18321186227695402,0.4386984565615303,0,0,0.1,False,False,False,False,False,False,True
1,2,0.005152048253329982,0.47799919815831027,0,0,0.20000000000000004,True,False,True,False,False,True,False
0,3,0.34656948982156316,0.3377209927336551,1,1,0.0,True,False,False,True,False,False,True
0,3,0.2837396330736366,0.3494505372759428,1,1,0.0,True,False,True,True,False,False,True
0,3,0.22090977632571,0.35732157203759196,1,1,0.0,True,False,True,True,False,False,True
1,1,0.4847951746670017,0.710264100162358,0,0,0.20000000000000004,False,False,False,False,True,False,False
0,3,0.2586076903744659,0.36344855811683735,1,1,0.0,True,False,True,True,False,False,True
0,3,0.34656948982156316,0.3529552840548492,1,1,0.0,True,False,True,True,False,False,True
1,3,0.39683337521990447,0.6492173620225161,1,1,0.0,True,False,True,True,False,False,True
1,1,0.34656948982156316,0.5486793783580444,1,1,0.0,True,False,False,True,False,False,False
0,3,0.24604171902488062,0.35072669661240763,1,1,0.0,True,False,True,True,False,False,True
0,2,0.19577783362653933,0.39134423619738523,1,1,0.0,True,False,True,True,False,True,False
1,1,0.37170143252073384,0.5553247552872789,0,1,0.0,False,False,False,False,True,False,False
0,3,0.4282483035938678,0.3215127932020503,1,1,0.0,True,False,False,True,False,False,True
0,3,0.20834380497612465,0.36344855811683735,1,1,0.0,True,False,True,True,False,False,True
0,3,0.5224930887157577,0.34384869418471947,1,1,0.0,True,False,True,True,False,False,True
0,3,0.34656948982156316,0.682002570512027,1,0,1.0,True,False,True,True,False,False,True
0,3,0.4345312892686604,0.3502016019446998,1,1,0.0,True,False,False,True,False,False,True
0,2,0.34656948982156316,0.5650388114700938,1,0,0.1,True,False,True,True,False,True,False
1,1,0.34656948982156316,0.7212027531446069,0,0,0.1,False,False,False,False,True,False,False
0,3,0.04498617743151546,0.556695873257052,0,0,0.6000000000000001,True,False,True,False,False,False,True
0,3,0.9246041719024881,0.34801082050793586,1,1,0.0,True,False,True,True,False,False,True
0,3,0.10781603417944208,0.4467026649062168,0,0,0.20000000000000004,False,False,False,False,False,False,True
1,1,0.19577783362653933,0.5926740533018775,0,0,0.1,False,False,True,False,True,False,False
0,2,0.5476250314149284,0.5281013477114938,0,0,0.1,False,False,True,False,True,True,False
1,3,0.22090977632571,0.37446202006332885,0,0,0.1,False,False,True,False,True,False,True
1,1,0.5601910027645137,0.8189796728879717,0,0,0.20000000000000004,False,False,True,False,True,False,False
1,1,0.6355868308620256,0.5313325505056177,1,1,0.0,True,False,True,True,False,False,False
1,3,0.2963056044232219,0.4820708903996448,0,0,0.30000000000000004,False,False,False,False,True,False,True
0,3,0.34656948982156316,0.3377209927336551,1,1,0.0,True,False,False,True,False,False,True
0,3,0.5099271173661725,0.4350713376474861,1,0,0.20000000000000004,True,False,True,True,False,False,True
0,2,0.2586076903744659,0.40470470937773706,1,0,0.1,True,False,True,True,False,True,False
1,1,0.5978889168132697,0.5276806297112894,0,1,0.0,False,False,True,False,True,False,False
0,3,0.34656948982156316,0.682002570512027,0,0,1.0,False,False,True,False,True,False,True
0,2,0.2963056044232219,0.42286368807669106,1,1,0.0,True,False,True,True,False,True,False
1,2,0.5224930887157577,0.42286368807669106,0,1,0.0,False,False,True,False,True,True,False
1,2,0.33400351847197784,0.4323977515277898,0,0,0.1,False,False,False,False,True,True,False
0,1,0.38426740387031916,0.6315578346731877,1,1,0.0,True,False,True,True,False,False,False
0,3,0.34656948982156316,0.3767675685322775,1,1,0.0,True,False,True,True,False,False,True
1,3,0.04498617743151546,0.3999337912742493,0,0,0.20000000000000004,True,False,True,False,False,False,True
0,3,0.32143754712239253,0.3502016019446998,1,1,0.0,True,False,True,True,False,False,True
1,1,0.5853229454636844,0.6378379970302275,0,0,0.20000000000000004,False,False,True,False,True,False,False
0,1,0.4093993465694898,0.2870987336279537,1,1,0.0,True,False,True,True,False,False,False
0,3,0.5853229454636844,0.36894978127505224,1,1,0.0,True,False,True,True,False,False,True
1,2,0.34656948982156316,0.5157696604351928,0,0,0.1,False,False,False,False,True,True,False
1,3,0.18321186227695402,0.33763919258513786,0,1,0.0,False,False,False,False,False,False,True
0,3,0.24604171902488062,0.3819595377998711,1,1,0.0,True,False,True,True,False,False,True
0,3,0.2334757476752953,0.3502016019446998,1,1,0.0,True,False,True,True,False,False,True
0,3,0.34656948982156316,0.3502016019446998,1,1,0.0,True,False,True,True,False,False,True
1,1,0.6984166876099522,0.710264100162358,0,0,0.1,False,False,False,False,True,False,False
1,2,0.3088715757728072,0.5281013477114938,0,0,0.1,False,False,True,False,True,True,False
0,3,0.4093993465694898,0.3502016019446998,1,1,0.0,True,False,True,True,False,False,True
0,3,0.2711736617240512,0.3915767533812693,0,1,0.0,False,False,True,False,True,False,True
0,2,0.34656948982156316,0.39134423619738523,1,1,0.0,True,False,True,True,False,True,False
0,3,0.3088715757728072,0.33419319194156843,1,1,0.0,True,False,True,True,False,False,True
0,3,0.4847951746670017,0.5456498136790771,0,0,0.5000000000000001,False,True,False,False,True,False,True
0,2,0.33400351847197784,0.42286368807669106,1,1,0.0,True,False,True,True,False,True,False
1,1,0.2334757476752953,0.5502375707421462,0,1,0.0,False,False,True,False,True,False,False
0,3,0.34656948982156316,0.5122051830222119,0,0,0.30000000000000004,False,False,True,False,True,False,True
1,1,0.32143754712239253,0.5502375707421462,1,1,0.0,True,False,False,True,False,False,False
0,3,0.39683337521990447,0.34755366512192026,1,1,0.0,True,True,False,True,False,False,True
